start,end,max_mahal_sq
142038.8948,142038.8948,32.923573344729576
153658.9778,153690.1905,154.52701500287552
154002.2964,154055.3733,68.33906024455588
163863.5523,163886.4689,254.50836312166092
164575.2338,164575.2338,22.04347319427466
164914.1873,164926.2626,66.2212564465247
165168.5071,165179.3793,28.357932196771877
165890.4468,165890.4468,25.52217034408087
166515.7832,166515.7832,24.71375274665337
166574.9789,166649.1969,206.56506071275862
167318.9066,167318.9066,27.60606378333865
167817.0522,167817.0522,20.46815299848202
168772.2146,168818.4282,209.0290180472234
169329.1981,169343.2552,82.64422496388892
171387.3146,171387.3146,32.063668576735395
171841.3172,171841.3172,97.98155334976626
171985.4992,171985.4992,20.747190418049005
175515.2177,175515.2177,19.774056039137694
175635.9734,175658.6591,74.83778713459
175941.9647,175941.9647,44.03838552723404
175967.8416,175967.8416,20.33379492804675
177365.8728,177365.8728,21.755302212019163
178183.6493,178183.6493,28.776576402395882
179556.2162,179556.2162,26.76353998705355
179835.0423,179850.9468,79.5669572188701
180001.4401,180016.409,226.20674449926128
180490.6444,180490.6444,25.996698931556143
180824.2615,180824.2615,31.4878264963451
186215.885,186215.885,20.556762162003864
186611.1641,186611.1641,26.006631158582458
186967.8731,186967.8731,31.897695718379733
187383.3343,187383.3343,51.622140664866606
189164.5847,189164.5847,100.79180906633366
191273.3034,191273.3034,59.54818121479664
191891.7399,191916.3527,286.00380172057885
193460.8524,193460.8524,105.16077529351611
193680.9616,193680.9616,19.423066127169346
193989.006,193989.006,26.052047433770767
194546.5234,194585.1951,967.1263930985461
194626.545,194626.545,74.41094898210012
194647.5704,194647.5704,59.339403876512854
194722.5525,194722.5525,24.10882109211631
195247.4561,195247.4561,36.29708915811119
195623.0983,195636.0044,705.9838329598596
195680.9438,195701.4641,27.625304929659894
196225.6457,196225.6457,96.13030514191168
196479.7852,196490.3316,153.88015394005154
196544.9803,196544.9803,29.548191235715706
196716.6258,196737.2422,43.24169694145215
197672.7659,197672.7659,49.01719022493718
197853.6447,197863.3488,1092.099063425637
197927.2664,197936.4739,69.3924043687488
198207.0027,198221.2634,156.16938717724952
198530.4344,198530.4344,37.120137654848804
199278.9633,199319.101,80.3637050928206
199589.7404,199644.6455,7640.798329216912
199690.2049,199704.2331,8640.040865793897
201935.7373,201947.7733,43.11954510582877
202491.5558,202505.119,89.44180950199765
202612.2507,202612.2507,51.53863660748937
203709.7419,203709.7419,28.55739166873073
206137.919,206137.919,18.477441432010718
206287.1489,206287.1489,33.035953365637326
210317.7726,210317.7726,20.00703435764556
210598.1188,210598.1188,48.39912527011335
210914.0551,210914.0551,21.459747040355932
211169.7217,211180.1276,42.43886782564871
211443.1706,211465.2299,31.072208551552862
211661.9829,211661.9829,42.95828836498085
212343.8503,212357.6336,545.634420007613
212723.149,212723.149,18.77449669802449
213412.1365,213441.9255,251.80381142239148
213499.8495,213499.8495,21.313926319022155
213705.991,213705.991,21.07447413726026
215135.9753,215147.9564,54.10165280076139
215174.6037,215174.6037,21.761684936613058
216107.7147,216107.7147,64.00027443877174
217521.6633,217521.6633,27.74538066173609
217931.8275,217942.7895,37.37821489200566
218728.316,218728.316,47.0757619853406
220050.1646,220050.1646,43.33578458920655
220275.9781,220275.9781,19.740989925004715
220667.1137,220667.1137,42.23821282679713
221162.614,221162.614,29.960420502228253
221872.3499,221893.4361,33.28498716107609
222593.3067,222593.3067,86.87728815984111
222683.6871,222707.0192,90.50444104529063
222757.0141,222757.0141,28.023830642306997
222778.6794,222778.6794,36.42007877309901
222848.3713,222848.3713,67.72528546478794
222874.4519,222919.5265,59.03901628737353
223206.812,223206.812,30.268285789119172
223238.4667,223238.4667,19.486109948730324
224115.6564,224115.6564,62.89912212406293
225729.3736,225729.3736,20.707860149163892
226098.7232,226098.7232,32.18254680536786
226134.5539,226134.5539,136.8133604103474
226165.9018,226258.2181,61.233541156909716
226343.5067,226368.8717,41.639221433459156
226538.4755,226589.9287,37.7761410425891
227264.8529,227264.8529,20.297030458536508
227391.9426,227391.9426,22.220233433800452
228025.2504,228048.3047,104.25678238320337
228153.0768,228153.0768,18.901331290814177
228280.387,228280.387,22.707439840275928
228317.9204,228329.2591,137.88471131767508
228421.9457,228433.8674,286.6912771070925
228495.4343,228495.4343,23.118611311552588
228535.5358,228546.8656,22.862025958353268
228646.8479,228646.8479,35.40333104107339
228965.887,229002.5875,227.4559775987023
229246.8636,229258.8568,37.305441355722415
229798.1415,229798.1415,118.70006324957545
231265.5303,231283.7675,58.566645767761266
231615.6824,231615.6824,19.713364439478188
231990.7965,231990.7965,34.43859328049739
233501.8167,233501.8167,42.229086434964906
234597.213,234597.213,37.491096877079286
235443.1942,235443.1942,49.30582914056453
236121.5767,236135.3914,24.93508001849707
237594.8463,237594.8463,41.903724472079766
238332.1849,238332.1849,23.100918061542632
238918.6997,238918.6997,33.01397361262738
239645.1181,239670.7788,242.50066645744002
240867.3568,240867.3568,26.24907686116844
241219.5134,241219.5134,18.821009890511583
242215.4299,242215.4299,150.82197915171434
242601.9275,242601.9275,20.674685956603966
245902.5644,245902.5644,29.36099194611413
247296.2402,247306.8352,76.33868898655363
247616.0877,247616.0877,42.99368806296677
248091.9094,248101.8516,1421.6257300384852
248193.7538,248193.7538,29.9857746563901
248247.2634,248247.2634,20.066828546570793
249025.7356,249025.7356,42.717612386095254
250493.2309,250493.2309,18.505856920382413
250782.088,250782.088,39.908093267518225
251115.9169,251126.2246,74.35612563018346
251260.3071,251260.3071,20.449839067982406
253268.6823,253268.6823,46.63123084454266
253681.9664,253681.9664,49.52544411261286
254442.2468,254442.2468,55.735088940941125
254614.274,254631.4904,207.71278662610743
255867.7411,255867.7411,22.26046447754403
256250.0734,256274.4914,35.83058246997529
256388.37,256388.37,36.18326337073137
256578.3961,256578.3961,19.832648552943787
257007.8797,257031.3197,61.929303317483836
257413.0542,257413.0542,36.2994726606367
271356.485,271356.485,18.689925253661393
273131.1102,273131.1102,27.84052795767726
275092.3694,275111.8464,42.412432686134636
275404.8618,275451.5622,488.63267527864105
277120.2366,277134.8511,137.40663240276862
277165.5682,277165.5682,34.14476930279481
277303.252,277303.252,34.52501692201881
277368.7761,277368.7761,55.590630304815534
277479.7401,277479.7401,36.81549996997704
277545.9395,277545.9395,29.67410739323417
277726.5315,277877.9157,87.98277820180996
277903.8852,277903.8852,41.64814317374523
278788.5287,278788.5287,21.571865766451214
279674.5203,279674.5203,47.69779767654054
280027.3866,280061.2134,36.37509991387752
280717.5173,280717.5173,47.10152088311928
281228.1298,281228.1298,84.83973435946776
281333.9952,281333.9952,33.7908527775626
281779.1623,281805.2094,45.77977597943624
282448.0945,282474.4394,51.8572329556211
282853.3479,282853.3479,50.945320837267786
282935.8704,282935.8704,33.53283767481503
283371.3641,283410.6137,73.5685108081696
283720.3547,283720.3547,36.15782774825894
283901.2141,283901.2141,51.075488646281116
283968.8146,283981.5025,229.67921880852003
284068.6459,284068.6459,32.220359161505314
284328.2812,284328.2812,67.5342621055825
284644.803,284644.803,19.351163206289787
284926.4423,284926.4423,23.878918639372372
285259.1944,285259.1944,51.13249833489787
285377.5366,285377.5366,53.561252130400874
287975.5644,287975.5644,25.40457911827155
288524.8422,288578.1671,258.50281374349265
289303.898,289303.898,38.05224250126866
289606.0457,289606.0457,27.679028117052848
290508.7493,290519.0112,651.1781978426123
290567.7894,290567.7894,77.2512267650727
290605.1854,290605.1854,18.836312779392255
291775.5613,291791.7469,69.37851924362597
292549.7638,292565.9184,37.46702234721041
293572.9222,293572.9222,19.72463896581406
293819.5907,293835.3396,45.668800998253175
296023.5412,296023.5412,19.3320177735469
296089.0314,296089.0314,28.181772997179092
296372.4642,296385.772,54.01917694951715
296782.334,296782.334,20.190409595535346
296893.9128,296921.8037,27.9924974763951
298382.3433,298397.8147,1132.9949675737485
298548.5944,298548.5944,33.303775419372414
298656.8729,298656.8729,18.517928114131745
299134.4308,299170.6628,88.69609988033507
299426.4745,299436.6189,33.349109915258964
299647.1334,299647.1334,21.70627831476765
299830.9544,299845.9294,48.20955892811189
300364.9809,300385.9289,33.75646882770368
301221.861,301221.861,22.138865018623346
303776.0065,303776.0065,23.168107007804903
304797.1172,304797.1172,19.111774008661826
304880.5043,304880.5043,19.3750488071702
306527.2983,306539.1905,44.449069348205164
306809.8977,306809.8977,28.254098450227698
307744.7625,307762.6688,270.36430520985596
309444.5431,309444.5431,18.94333742672579
309538.8394,309596.06,103.26400746006445
310006.5971,310027.7875,54.57397689071847
310272.0961,310283.5238,586.3185528195561
310338.1724,310352.1707,48.7964452776266
310478.6878,310478.6878,53.98430365477806
310754.5328,310754.5328,30.428980393778968
311575.5738,311575.5738,67.10715190752865
311828.4985,311828.4985,20.792914840904324
312336.4539,312353.857,55.39003445136569
312402.901,312402.901,25.904337035145804
312443.8219,312454.4109,32.104830141193204
313042.1674,313051.0081,34.5103197894275
315770.4377,315770.4377,56.89203628835807
315929.9668,316165.3829,62.68975090677816
316227.8165,316227.8165,52.70694782948685
316313.8165,316313.8165,51.45677644410512
316661.7215,316716.4838,70.2047970958249
317231.2493,317231.2493,28.4246999455499
317662.0074,317662.0074,24.924958313416813
318161.1486,318161.1486,31.839783599709865
318328.5353,318342.0306,38.84016862344387
318583.2996,318583.2996,30.47827868406271
319934.4901,319934.4901,25.952971731533612
320284.2429,320435.973,60.72673977993807
320473.8261,320473.8261,20.413247247363067
320518.5519,320536.3944,62.42986418807966
320599.7435,320626.9323,49.50748813760595
320667.5973,320729.1486,82.34052780309767
321238.0708,321250.686,58.90789763980677
321571.8983,321571.8983,23.048456824487083
322383.7194,322383.7194,18.63721028353343
322848.5355,322861.8697,107.69366961851652
323004.9381,323004.9381,22.088606060249315
324440.4423,324459.9867,47.28491216399162
324580.2563,324580.2563,47.510322826839285
324746.7298,324759.7126,57.42733272799092
325242.3188,325257.7584,29.348979241108005
326562.7936,326562.7936,113.532095255699
326783.8489,326783.8489,107.4221729793515
327280.7566,327280.7566,39.45609500347764
327544.713,327544.713,34.59623156043888
331399.1678,331399.1678,37.49400365275182
332032.8478,332048.8873,59.04360005825647
332733.7975,332749.3737,44.908877419754035
333466.5433,333466.5433,30.912331589192977
334131.6056,334154.1638,93.72224739770398
334297.6758,334314.9048,55.6178964369123
336363.5548,336363.5548,28.02340816087881
336555.4741,336593.7181,54.47537295976741
336674.7179,336674.7179,28.995199954934623
337205.1672,337219.8545,31.48113495848509
337255.016,337255.016,40.56999363056991
337689.5234,337689.5234,44.7700485175285
339015.4445,339015.4445,30.20110379924578
340008.8562,340008.8562,24.423898073578027
340274.5777,340274.5777,18.867264307154606
341553.0962,341553.0962,20.19097069577112
341721.1867,341747.3594,296.35606029993625
341958.711,341958.711,20.546867900400397
343227.5514,343227.5514,21.304294650154766
343790.3096,343804.0741,274.3143401819332
344051.3637,344051.3637,39.05874753122369
344749.3009,344749.3009,22.33392071399954
345638.0619,345638.0619,21.34543130508965
347279.6375,347279.6375,20.3352370707825
347375.6072,347391.2484,80.94572425821138
347618.2124,347634.7156,55.33461096174668
347935.7674,347951.4109,44.90407604274592
348503.3515,348522.1442,22.29570405887509
349386.5988,349386.5988,27.69483229077779
350126.0328,350203.9001,68.81341671725832
350846.1738,350878.1263,44.92195537302624
352246.5994,352246.5994,48.47484535373836
353050.0827,353050.0827,20.038760975332398
353183.5242,353183.5242,20.010123060102558
354369.6229,354385.7028,41.228990584321394
354425.1226,354437.3685,186.61420286174945
354489.6987,354521.3131,62.93063572711152
354660.8658,354675.795,39.834219665472574
355016.3796,355016.3796,31.056952372197753
355328.1138,355347.8214,49.515774045724136
355787.5491,355787.5491,118.03072404519494
356022.5533,356022.5533,20.87853309871316
356489.3435,356489.3435,63.59696751864383
356988.4953,357010.1466,39.4081304508199
357304.2066,357316.1575,48.35509444711373
357906.404,357906.404,32.656800286691514
361263.6943,361263.6943,31.44281686098763
361871.1612,361871.1612,46.14161341421725
362657.2741,362657.2741,21.22375366098031
362908.6026,362908.6026,22.575361023865444
362949.3683,362949.3683,18.895942183163854
364107.5365,364107.5365,22.403400831946577
365431.8298,365431.8298,20.58744424827589
366588.0016,366604.3225,44.826578517304704
366646.685,366672.7017,37.58946448820303
366693.9311,366714.605,50.59738798248487
366781.4415,366803.3808,48.82286720481434
366914.558,366922.4813,60.655198635856735
367023.7375,367023.7375,28.000709353773505
367194.5321,367224.5579,35.735753634776046
367339.6484,367351.4992,27.310778885171924
367427.2057,367427.2057,19.53530461712653
367957.5494,367957.5494,43.805384498900125
368774.7144,368793.2403,45.46443012560218
368839.5423,368851.3215,63.6983063203044
368961.1742,368961.1742,35.14940198242867
369541.6234,369564.4651,186.22621989660166
371104.2549,371104.2549,32.719642358494255
372801.4821,372814.1212,36.45947224913133
373428.9896,373455.2982,56.657842588349574
373546.6554,373556.4312,159.203363797002
374201.717,374201.717,22.155439183213414
374547.9191,374560.5648,31.49973783945748
375937.9744,375937.9744,37.69990010117393
376933.1862,376933.1862,29.28135505575718
377846.7271,377864.0816,34.40157735971191
378165.959,378165.959,32.82500815657243
378393.5612,378420.1989,211.6215470732701
378446.3063,378456.2528,62.43738178237809
380261.8965,380261.8965,50.5525146377109
380287.9423,380287.9423,35.80434113426899
380377.4298,380417.3022,39.49433879704302
380444.8163,380459.8021,67.77052955627941
380492.2573,380577.1462,67.27316013189575
380677.241,380687.542,53.995470703902846
380752.3341,380752.3341,19.40244555611144
380802.035,380802.035,20.241963091862804
381001.4732,381001.4732,73.79442278563708
381373.1154,381398.4316,24.288724070634018
381787.3775,381801.4354,41.29269613412808
382207.8252,382229.3398,79.18627594767975
382438.8592,382466.6976,94.37041905319697
382549.3314,382549.3314,28.181274892530347
382827.826,382827.826,19.017863490253607
383593.195,383643.2001,59.3326055586347
383722.4771,383722.4771,31.1776431334927
383762.8287,383794.2656,193.62800254023836
384166.1436,384166.1436,77.28764935350868
384975.3571,384975.3571,29.60851592207801
390148.0743,390148.0743,19.430852299703393
391297.501,391297.501,25.20970081676363
391669.3016,391702.6973,55.07958423191563
393563.5415,393578.2194,43.125953907431615
393959.2771,393971.6655,40.86679712854876
394869.187,394883.3656,47.86433238437768
395316.0255,395316.0255,37.50785403252029
397639.332,397657.6208,644.7156087214106
398010.5666,398010.5666,22.21675142798605
398411.3977,398423.9097,439.2979696446677
398650.0916,398650.0916,42.757387829694125
400366.4807,400366.4807,21.15519725595535
401146.5189,401146.5189,39.04417113853233
401490.6644,401490.6644,31.141606656927202
402085.882,402085.882,177.24553419139897
402438.0874,402438.0874,78.18717314103831
402830.3099,402830.3099,20.07487622388161
402941.5113,402941.5113,36.54625465402777
402990.1537,402990.1537,21.1658603583009
403131.8465,403131.8465,54.67934893763342
403778.5104,403778.5104,90.8876997988709
404579.8274,404598.2326,113.5963980981096
406998.4255,406998.4255,23.70381603747578
408250.9155,408273.5628,74.9894614345673
408462.9154,408462.9154,112.13724991892754
408868.5639,408868.5639,20.69328512107756
409235.9028,409235.9028,53.263437877559824
409831.4087,409831.4087,50.4187012308157
409960.8007,409985.3595,627.6918937816135
410113.7987,410128.075,68.5956280818885
410453.5385,410512.0332,82.28794543594273
410677.8293,410677.8293,24.285687304422346
412081.4046,412097.998,28.770372457714362
412986.1733,413002.1324,274.536351229914
413449.0517,413485.1703,231.94793460230053
413594.3386,413594.3386,40.23150957718532
413641.2039,413641.2039,26.361092191124033
414074.6186,414074.6186,38.89941944013175
414139.9718,414139.9718,70.3020209138969
417027.7113,417042.8257,37.32867735112378
417879.9072,417879.9072,75.02864881017102
418002.4766,418044.913,478.2540246593433
418102.7131,418156.7175,79.02148641599902
418233.7828,418244.3567,53.285688915306835
418289.5823,418289.5823,18.485167591985338
418701.7352,418719.2079,34.175960014236594
419146.2371,419146.2371,27.16416433509584
419801.1267,419801.1267,45.48731714150049
420550.2294,420550.2294,22.444931511148944
420623.0029,420635.7273,102.40010760247148
422027.3863,422059.1133,44.76376351462832
422238.1848,422238.1848,112.37203114639797
422326.0436,422326.0436,20.44813705423898
422570.3531,422570.3531,33.43229024107311
422815.2083,422815.2083,67.81900587218185
423353.4329,423353.4329,21.191660652050608
424081.9736,424081.9736,33.7800434218715
425677.4139,425701.7404,39.67178506755813
429368.0503,429368.0503,55.25258806708163
429618.812,429618.812,33.69751914333604
429823.7559,429841.5895,58.21665744819994
429925.6936,429941.6732,49.53642644278243
430249.2668,430249.2668,40.28443909805634
430400.9314,430400.9314,51.374540859168874
430487.4312,430487.4312,32.07603698427155
433065.9606,433093.055,240.29299859132692
434285.7623,434285.7623,22.267039770192497
434385.4917,434385.4917,19.096661802261796
435394.298,435394.298,60.8452051983252
435720.5351,435720.5351,35.44790748124584
438684.244,438684.244,19.846917739515703
440074.9568,440114.6801,147.2657865012075
441705.809,441723.3801,475.738869856322
442019.7493,442056.7282,62.45872004996754
442124.8673,442124.8673,70.49044953590888
442179.6739,442179.6739,31.749966206780304
442249.0486,442249.0486,24.622120069708995
442363.8837,442363.8837,23.39870833285924
442451.7899,442464.6222,31.294594092613842
442507.3259,442522.8188,33.586665060663854
442736.4216,442736.4216,42.818334141820145
443037.5926,443063.4588,50.23026652392568
443161.2165,443161.2165,20.71900072122423
443603.3162,443628.557,51.62121451069955
443872.096,443872.096,48.31487340638137
444122.4677,444194.1352,70.19214273682523
444892.0558,444892.0558,24.712596164654904
446425.0831,446425.0831,32.53305947659142
446725.7961,446743.6884,45.44331611503924
447112.0418,447112.0418,47.91670366823897
447584.9717,447601.2992,101.48322356743
450831.9254,450831.9254,19.35822450036474
451469.3144,451469.3144,18.850458832034843
453153.9101,453153.9101,20.46415841508218
457169.0838,457200.5348,37.09595156945477
457657.5154,457657.5154,20.720557159241658
458448.5569,458448.5569,36.65467767409843
458627.0888,458627.0888,45.01836282343451
459015.6548,459032.1753,79.49692420452978
459201.5022,459214.288,38.68115883538987
459975.5561,459975.5561,20.248635951966648
461847.7318,461847.7318,25.09085285030973
462729.6035,462748.9843,310.4949578968614
463751.9201,463764.925,67.20319517124263
463802.2502,463802.2502,31.135543685754584
464703.6774,464715.1269,188.38343046922824
464875.8423,464890.7471,48.08275272599836
465156.6593,465156.6593,57.46553829405245
465583.9506,465604.1155,39.91998003725746
465670.648,465670.648,25.01899295561059
465880.7853,465896.2579,66.12170508369607
466063.3171,466063.3171,20.490009999688468
466271.8054,466271.8054,20.293817492564028
468274.8535,468274.8535,20.49929976668936
468578.6286,468590.5899,22.444166704156505
468918.0006,468918.0006,48.19785032327427
469066.3777,469153.4313,729.6579389966196
469921.6695,469921.6695,75.70498963008015
469965.6286,469965.6286,27.38175872492873
470046.5726,470046.5726,71.20183103225237
470077.0338,470106.3973,72.50030330286702
470126.1006,470155.2173,75.82372314923734
470197.6976,470208.7268,32.39014419857827
470298.9822,470311.3314,137.80355172225632
470616.2508,470616.2508,35.73642774587334
470876.6579,470876.6579,23.192653967082375
471598.9407,471598.9407,27.230505696705624
472080.7845,472080.7845,27.853727225646
472293.318,472306.0525,102.63445938051805
472532.4461,472532.4461,178.61398703919255
473382.4214,473382.4214,19.842582146560346
475824.644,475839.0769,56.03346096419363
477307.4975,477318.8849,53.782103806207765
477487.947,477511.1406,285.05099521891196
477732.1568,477732.1568,23.58869614863752
478065.0677,478065.0677,22.81862206798879
480284.3069,480330.1586,94.62179262999868
480888.8756,480952.7244,76.62342948304645
481239.235,481239.235,32.84928860021523
481565.1693,481565.1693,25.889195202961687
482161.8173,482186.2863,586.7264578493664
482248.0096,482248.0096,24.301936287503512
482678.0077,482714.612,160.84468212067733
482825.2431,482839.5967,312.5162268220248
482886.2705,482886.2705,42.390380954704106
483116.497,483130.3605,80.77650535927631
483196.5715,483196.5715,41.083850316550645
483270.9242,483270.9242,37.72671604478692
483604.0502,483617.4744,38.91342546283498
483994.6179,483994.6179,21.787091576658728
484327.5998,484343.5442,68.43346972891624
484642.307,484642.307,33.223898983860096
486308.3164,486308.3164,83.17927234700132
486764.5488,486764.5488,35.81803709606736
487150.3096,487150.3096,42.389565439252294
487777.8521,487777.8521,27.67128267507402
487906.5426,487906.5426,22.808502521519937
489298.2173,489298.2173,33.423542076741235
489605.7638,489605.7638,32.36560478260371
489724.0045,489724.0045,32.68019784779318
490194.3175,490194.3175,25.120711211617728
490334.5334,490369.0447,249.9048770739971
491684.2156,491684.2156,19.957106787941807
493078.7233,493078.7233,38.31244867854584
493664.284,493664.284,44.63587953485619
495107.5401,495122.1318,82.51396917673863
495275.3204,495287.4945,22.48479749326353
495449.8976,495463.1983,407.4156821634616
495517.6767,495526.6637,60.88246815767775
495553.4385,495553.4385,62.242721795084066
495577.9568,495607.9148,53.63811851357512
495627.5351,495644.5109,53.52200325833289
496225.5708,496225.5708,30.94154980105767
497287.1648,497287.1648,44.75499734506192
497425.8167,497425.8167,19.607877573904
497625.0772,497625.0772,28.883074759512176
498858.2349,498891.2722,53.267805561780094
499189.2443,499189.2443,19.7260189175345
499524.3929,499524.3929,94.16775527785133
500854.8873,500854.8873,30.716274895272782
501713.1689,501725.5874,39.50390488969616
503131.2567,503131.2567,82.51128507300076
503333.946,503345.2889,61.33087887063655
503907.373,503907.373,74.1689413067451
504384.6507,504384.6507,27.734642126184472
504454.7468,504454.7468,38.42919232351718
504583.4273,504583.4273,26.081937164470055
504899.3419,504988.4644,122.31145988277733
505031.6632,505031.6632,64.81135733802137
505066.5143,505066.5143,62.970366540353076
505194.9783,505239.2795,42.77792000397379
505277.9565,505277.9565,38.94576070978706
505847.2416,505847.2416,27.14767856194735
505877.0094,505897.6143,76.07648311305593
506161.2626,506161.2626,32.30543100554695
506295.2424,506295.2424,27.306992053516282
506403.9108,506403.9108,30.275188953265502
506749.2593,506749.2593,23.98648249375725
507899.4223,507931.1401,44.14232645843919
508037.2373,508236.5405,68.70216709309133
508303.5188,508303.5188,23.775077944343014
508340.3982,508340.3982,25.747742215294878
508500.5208,508500.5208,26.570824069539235
508625.6281,508638.717,55.09986075368266
509096.0443,509096.0443,50.93910693388284
509720.4717,509720.4717,23.422713873946012
509964.4105,509964.4105,19.892100453033226
510250.6501,510278.0635,21.399020610877916
510780.3412,510780.3412,64.46300944747065
510948.2064,510948.2064,38.0493882479346
511238.1183,511238.1183,101.49065358141141
512057.8906,512057.8906,39.14540170110428
513272.584,513272.584,60.62584909322558
514598.9038,514636.6947,50.422758675248964
516714.6631,516714.6631,24.072469588571952
518678.067,518678.067,20.60627761923527
519888.0047,519888.0047,89.15688289993403
520861.7145,520861.7145,66.96615838435339
521167.3895,521167.3895,29.962091113684288
521491.7347,521514.389,122.97144370815786
521962.4188,521981.8449,23.78821032961399
522501.0005,522501.0005,105.16138977103638
523447.0664,523461.1798,47.47006181431061
523803.388,523803.388,31.018315713835413
524126.5908,524126.5908,73.0816701780714
524593.3071,524609.3637,83.8673958978054
525036.7186,525036.7186,23.423406185468565
525490.4799,525490.4799,25.05255258298438
526701.2454,526714.3909,211.5525748210625
527053.0668,527053.0668,20.992359057000538
527641.3504,527641.3504,26.51073121286953
528345.4573,528345.4573,41.88942013476938
529300.124,529330.2562,45.495407410660846
529710.704,529710.704,22.85387091054
530621.3206,530621.3206,27.39572300971774
531227.4658,531242.4531,37.911246536444445
531475.4829,531498.4497,98.63190543221712
531555.0041,531590.9537,56.4534275848437
531616.5565,531616.5565,32.67460517745572
531824.5239,531824.5239,21.544356060502476
531939.0964,531964.158,115.089551756293
533135.1138,533135.1138,34.32474803865667
533365.3649,533365.3649,32.86466607958278
533738.3071,533738.3071,27.269838407618387
536377.0207,536377.0207,123.627053171274
538859.7745,538859.7745,22.97413187180348
538910.8114,538910.8114,26.428939881694426
539484.0832,539484.0832,68.79353906908827
539694.3909,539694.3909,22.36265524197013
539757.2768,539767.2814,75.20193127290321
540428.8828,540447.8168,26.845013006031586
540813.3827,540813.3827,37.582210137551584
541373.1252,541431.3184,76.12679567834155
542245.9247,542261.3308,242.82265131404122
542328.8193,542328.8193,25.29483351781852
542350.3608,542350.3608,24.02910026780786
542419.3417,542419.3417,30.625725545440222
542509.5972,542524.8356,44.466150847756175
542629.7053,542647.5376,94.18599922864031
542707.5731,542707.5731,54.052579416464454
542765.2807,542816.1241,161.09158929782063
543015.8985,543063.9781,68.59692004920055
543824.1306,543824.1306,26.696549268416558
545690.4606,545690.4606,63.228894796566074
546670.1406,546698.6922,48.79227852285196
547191.7696,547191.7696,40.08939992507618
547615.3286,547615.3286,29.05465317859669
548922.5244,548922.5244,55.92048431482673
549894.8064,549894.8064,49.61570941563467
549930.7524,549930.7524,31.97319838699832
550279.5862,550279.5862,54.954020278931615
550343.7113,550343.7113,53.507387071317
550515.5184,550530.9777,26.729610946068046
550594.547,550594.547,28.333309731620894
550614.4846,550650.8787,108.07564928228268
550728.4521,550728.4521,47.19452022281801
551126.7943,551126.7943,21.603559978176442
551318.4698,551347.0561,102.46978684667253
551809.8782,551834.2983,74.89137378467682
552994.3974,552994.3974,20.80851914668078
553440.7506,553440.7506,26.88307249330087
553943.2761,553943.2761,26.555094610185648
553977.3478,553977.3478,18.966479792273628
554575.9214,554575.9214,25.33685009430538
555021.0781,555021.0781,23.07857055026338
555534.0054,555534.0054,59.097489762330135
556428.1088,556428.1088,21.26476969530215
557201.157,557201.157,98.01651592164647
557952.8248,557952.8248,22.66467240862441
558234.4076,558234.4076,38.37543934127916
559028.3471,559039.7445,121.66993123105091
559086.209,559086.209,27.2177670479064
559376.347,559386.2872,74.51278101241576
559996.6992,559996.6992,29.011742545332257
560831.7766,560831.7766,97.84486761636408
561027.5584,561027.5584,77.85806494523119
562459.3133,562459.3133,76.03973276382604
562801.3393,562837.5448,193.4255613220206
562883.4334,562896.8066,59.82117026076271
562950.912,562965.2826,61.886298035587714
563168.9287,563210.0242,157.03030721951342
563282.6038,563307.6446,264.50700185710315
563349.5445,563349.5445,29.904539943001385
564005.8016,564024.9425,35.94591341709798
564113.0129,564113.0129,33.7591803509247
564341.4103,564341.4103,82.92505946333756
564462.8355,564483.6661,113.01662041578852
566124.5614,566156.9547,46.96378767982294
566236.967,566285.947,389.11223730423876
566399.3342,566608.3345,542.4918283366259
566827.3795,566842.7458,95.07647366602367
566955.8599,567351.5639,130.05286210455324
567371.8412,567381.8367,262.4484897161647
567404.4556,567404.4556,75.39083380926361
567767.8238,567780.4556,28.82685127751739
568100.3104,568177.1243,114.16128700297848
568204.1362,568241.9095,68.44084294988585
568304.4652,568323.0092,137.74346339342407
568491.0027,568491.0027,32.169568625829115
568543.3628,568543.3628,66.06657658150135
568683.6094,568739.1059,165.55523446079954
569276.206,569300.4486,136.00577553911927
569443.246,569443.246,41.40987711981644
569542.0502,569570.5611,44.86022850447447
569942.5786,569951.8636,96.23486091456863
569981.4859,569981.4859,31.73731842782909
570357.7168,570357.7168,22.13346803644582
570433.5006,570433.5006,35.50487583806489
570857.3251,570881.0623,55.08378164927188
572308.0521,572308.0521,66.8168228067924
572581.5238,572581.5238,24.337073639901508
572905.3668,572905.3668,23.23351825565216
574407.4847,574407.4847,21.33563973687528
575323.8945,575323.8945,31.354472612023798
576185.0827,576185.0827,25.404722897186936
576665.4592,576665.4592,26.439991775414477
579294.1789,579294.1789,64.08293374301662
581612.1403,581612.1403,40.83169681751035
581764.5767,581784.4192,67.71551177752188
582393.308,582393.308,82.57061438242634
584037.8737,584052.3983,48.382573096927956
584563.1235,584563.1235,27.06882792201426
584971.1488,584971.1488,83.69590379066501
585139.3002,585152.0082,66.65120667595039
585717.8279,585717.8279,31.73893817861428
586710.4167,586710.4167,198.92845614788052
587258.2893,587258.2893,42.00200781324722
587501.0541,587512.7875,21.490509814198496
590226.1473,590237.7513,366.12771250873163
590393.232,590393.232,34.891472874205995
590527.2355,590527.2355,18.980862428360275
592219.3622,592248.3237,26.589820591980853
592632.2175,592647.6368,91.21227499195187
593381.7229,593381.7229,39.80610109964687
593542.4581,593566.5789,390.2453439067531
593600.9905,593623.3921,76.9242286658066
593678.7923,593678.7923,39.10694841119699
594029.5372,594029.5372,43.94757183369686
594422.2324,594422.2324,18.898068127593618
595084.5747,595084.5747,32.38468781887353
596213.6529,596231.7085,83.0479446104548
596589.5545,596589.5545,61.1369776614914
597003.0266,597032.5139,27.138825410129193
597542.065,597542.065,45.27136347767455
597883.3395,597883.3395,192.26741575963354
598404.222,598404.222,85.80741496606687
598610.9368,598624.6446,39.71152636643031
598956.7875,598956.7875,84.07137795552269
599514.8601,599514.8601,39.73534025283181
599849.7488,599849.7488,25.967645723418105
600596.7475,600596.7475,24.905569650736762
601956.8221,601956.8221,34.865405197750746
603933.341,603964.3524,149.1158503110315
604294.8839,604311.8428,41.84810593228438
604784.1684,604819.274,69.08567988661876
605540.6481,605540.6481,37.81155499451632
605568.2957,605568.2957,21.801853219253
607295.5456,607382.4406,110.12895005905699
607593.1278,607629.2593,176.74687419427946
608117.8598,608140.8098,109.14171441091739
608332.4656,608342.1709,80.43472409681186
609162.0066,609183.5708,7651.44888613229
609278.5126,609289.1081,7919.699154408288
609705.4943,609705.4943,53.32526092055598
610373.2177,610373.2177,25.050912466637833
610407.5106,610407.5106,113.03350839580435
610611.1909,610611.1909,22.35061471098303
611365.3497,611365.3497,19.06521651760281
611695.0659,611713.4338,72.82348541015907
611947.5978,611947.5978,73.41194437823556
612524.4377,612541.5491,48.48298495126678
613193.9711,613193.9711,125.59419889423329
613352.47,613352.47,46.7862240680255
613495.8289,613495.8289,75.29571960741382
614408.0192,614408.0192,32.73087771079389
615255.5793,615255.5793,19.4813521017366
615392.2576,615405.9779,45.889150790833426
615882.6444,615882.6444,23.800265438444505
616212.6165,616262.3844,22.10810963462426
616497.1395,616497.1395,30.090116294356363
616977.3971,616977.3971,44.988916632878286
617888.2018,617938.2461,107.26695460963334
617960.0835,617988.3142,66.31483428558437
618592.5271,618592.5271,67.53423502772239
618713.6303,618745.6955,190.20502605937364
619492.9025,619512.2641,25.04536352601276
621780.4129,621780.4129,65.611484565869
622156.9924,622156.9924,22.725444816355687
622293.7328,622293.7328,48.307796796244276
623020.1778,623041.718,380.7629332366343
623124.2394,623138.8787,59.663595379352856
623175.8255,623195.8927,59.8962800847139
623496.5496,623518.1821,60.43141919464357
623557.3269,623557.3269,28.979664790363273
623768.3312,623768.3312,21.88966836094657
624124.2979,624155.1119,76.97198230604398
624507.6382,624518.8489,236.3478694728669
624864.8742,624877.2636,158.8083144463884
625039.524,625059.8828,333.0896940454395
625652.4194,625687.2747,80.90344588805982
625772.984,625772.984,64.3460566640319
625946.3262,625963.6184,53.48253772982913
626061.1875,626110.9451,39.6585891915045
626244.57,626244.57,59.76297905051183
626428.0477,626428.0477,60.11937368834994
626577.2929,626594.7002,763.4991403176834
626682.4937,626682.4937,49.65280199002168
626878.3452,626878.3452,22.711796654576347
627804.3603,627824.8311,53.824263848497836
628286.6389,628300.6228,85.23360510685384
628661.6588,628661.6588,38.334909978137304
628784.1057,628834.3565,125.0413620728138
628861.5752,628861.5752,39.37243091972159
629095.7828,629095.7828,21.98423960306708
630596.0361,630596.0361,21.002814786235636
630843.0847,630843.0847,21.159624388569235
631254.4948,631254.4948,28.296364957518215
631549.4507,631567.6779,29.002076774552286
631942.2613,631976.4366,28.789797509061138
632673.5049,632694.2547,22.63844617897455
632961.8267,632992.1257,133.11004349811932
634676.7538,634676.7538,162.71763948535323
635486.9291,635505.9908,197.03852334453703
635621.5547,635632.5634,270.1649336589974
635854.7831,635854.7831,83.27768233164436
636082.3533,636082.3533,32.676833275915406
639338.3996,639338.3996,87.17335562040364
640610.6426,640668.5749,42.27359525529054
640767.5905,640790.9434,86.30457252860059
640832.8281,640900.1938,64.54302777907402
640983.0606,640983.0606,29.546359445958462
641596.0613,641596.0613,44.11897798579601
641922.2227,641937.5467,42.268906363208444
642191.2915,642222.8774,46.30557761204378
642800.6372,642816.5346,47.08524707258309
642942.4534,642942.4534,26.4552301944955
643713.1265,643725.2171,59.96226000003648
644025.6488,644049.3107,51.77945968773271
644367.6474,644431.796,57.119656883873574
646165.0353,646177.2241,68.00460009226902
646203.1988,646215.3594,52.221112942282694
646312.1603,646312.1603,56.20032070669093
646485.3597,646485.3597,23.392954323266185
646599.5444,646599.5444,22.297517250169296
646824.4334,646856.6037,26.63207570174409
647125.0636,647125.0636,26.698751551049142
647364.307,647376.6288,73.61965776104475
647665.8026,647665.8026,28.486409234440284
647863.6903,647863.6903,73.90824978040696
648032.538,648032.538,128.37402202731755
648499.836,648499.836,23.196211732896202
649351.7089,649365.7927,160.78043959582024
649424.8984,649424.8984,23.43377969844413
649735.8195,649735.8195,28.46927013876532
649879.564,649879.564,28.28604651450378
650104.2597,650114.7108,312.5253537727787
650372.9623,650372.9623,64.4136766065341
650504.5375,650504.5375,23.784217648864967
651407.8948,651473.7257,50.779647218989865
651951.4048,651968.0284,46.10592021820469
653936.1817,653936.1817,18.532522511934253
654216.5636,654216.5636,31.395959025548223
655362.0147,655390.1569,80.43036522113083
655648.7131,655663.9312,55.1961984535204
656673.2941,656700.4221,131.83281816777014
656841.8372,656853.4119,136.67214518710418
657010.6344,657022.694,28.24004179618787
657136.6307,657136.6307,83.70943354629813
657270.8592,657270.8592,55.84714952502173
657462.3938,657462.3938,65.38513810918504
657863.9803,657863.9803,24.53793353427053
658405.164,658405.164,32.71246453292226
658663.7345,658686.435,33.942119903594545
658919.1305,658930.1145,49.58702002474482
659241.4704,659253.0701,38.87133265039671
660376.4426,660403.0991,37.24651357975257
660437.6491,660469.9385,65.11583353975257
661466.8431,661484.3076,31.083478877145428
661683.8813,661716.1859,1401.0803714568187
661777.3389,661777.3389,98.85799881493422
661803.8394,661803.8394,79.40319451665536
661827.1929,661858.9535,59.28701244452648
662095.3093,662110.5861,73.84246124280958
663081.2834,663081.2834,29.46619490237383
663683.8609,663683.8609,42.960729025978665
663869.5281,663869.5281,27.482226476315017
664384.5443,664384.5443,22.548396892447702
664501.2751,664514.6534,311.0657730786652
665026.673,665026.673,29.693926087477042
666009.6175,666033.8101,85.63255702126521
666170.457,666170.457,21.2346127033876
666493.9663,666493.9663,24.549345095437854
668536.1805,668565.9393,253.78852047187019
668998.2467,668998.2467,39.79814043458353
669266.9447,669266.9447,19.665056296677164
669435.1318,669435.1318,25.53667560191809
669514.2013,669525.6219,165.7574981525176
669598.8087,669612.6816,45.54121324283861
669959.8611,669959.8611,66.02733739016195
670624.0077,670636.0845,51.37135976926845
670692.4565,670692.4565,19.564268020676206
670935.8688,670948.829,48.84241507514324
671209.149,671209.149,45.868098443337296
671601.6812,671601.6812,57.46120308625473
671758.6705,671786.1077,207.98763661604292
672301.0969,672319.1375,109.52076436282341
674932.4549,674946.7049,46.55017610114996
675238.5516,675238.5516,29.76519979551397
675633.8634,675633.8634,26.717660427350122
676411.9771,676411.9771,31.131061515776715
676579.5335,676579.5335,30.965403341658124
677531.1071,677531.1071,22.96008739635843
677860.6942,677860.6942,44.70521533990769
679234.622,679234.622,23.132308795624912
680111.1281,680111.1281,48.23364694498498
680566.5463,680581.6553,79.49068886480826
680947.876,680947.876,37.96531525292885
681265.8488,681313.6409,43.227300397815604
681520.1415,681520.1415,28.620132728043703
681559.8505,681559.8505,18.686732163765832
683727.4605,683727.4605,18.90975052095204
686594.8882,686594.8882,25.46054090373874
686992.0432,686992.0432,28.656980560572737
687229.1969,687246.6147,7638.092863979362
687313.4899,687348.4557,8582.532797353037
687778.6065,687793.482,36.94468008211822
688017.4697,688017.4697,30.795787270907955
688381.7838,688381.7838,23.070728837690016
688970.6534,688970.6534,22.3907746565216
689959.8363,690010.0115,242.75529283931746
690115.0361,690294.2306,191.498661940719
690336.7455,690350.2455,352.01274278240953
690479.6402,690512.4791,468.45628915329576
690738.9537,690738.9537,57.12321255818462
690883.7778,690883.7778,53.454539604536095
692110.2215,692110.2215,24.60293022013743
692755.9412,692755.9412,19.69984776393583
693592.2316,693592.2316,23.264999832508302
694936.3269,694936.3269,34.49335481090059
695418.8048,695443.0173,101.41368593431623
696468.2669,696468.2669,21.47105442574004
696890.445,696890.445,24.61598046558875
697006.0244,697006.0244,29.000335955139352
697238.3697,697238.3697,28.46945867959226
701692.5385,701705.4802,84.51313870124731
702261.8523,702279.5322,30.98606960564198
702383.5798,702383.5798,19.72576621039139
702710.6648,702728.9837,125.4385108336694
702876.7409,702902.1688,233.80141568480147
703242.7876,703255.2519,227.75305997537467
704305.27,704327.6353,75.05579516831644
704654.5225,704670.3853,46.43671300412736
706475.5768,706475.5768,25.49633646026309
706760.6641,706760.6641,68.88506672289901
707673.2428,707685.2012,32.72863376304212
708996.5654,708996.5654,26.605275939816377
710682.1882,710698.7593,37.27924954214909
711614.0503,711614.0503,25.73249874702069
712372.2553,712372.2553,19.640057809707244
713815.3359,713815.3359,26.941183827278834
714445.2678,714458.206,89.78894699765142
714813.9477,714813.9477,29.39277903918112
714943.4326,714943.4326,21.03689021191536
715178.222,715178.222,91.10092478538725
715763.2518,715790.9158,244.62104575040306
716307.8356,716323.3507,85.46493168087818
716547.2392,716547.2392,29.150220972729162
716784.1158,716784.1158,22.244357100681615
718057.3544,718057.3544,21.99824863013276
718097.3263,718106.4322,95.75113846477008
718203.6828,718215.7292,127.45467595798065
718559.7231,718559.7231,18.928251622778347
718831.2556,718831.2556,32.16978768646923
720101.0794,720112.3186,25.637254721922147
720403.9958,720420.3437,28.111034865006104
722853.1522,722853.1522,20.46988394139655
723164.4821,723190.2029,91.85798554643479
723868.529,723868.529,40.6472570007629
724054.3796,724054.3796,44.98201553032176
724369.7403,724388.9808,42.38110597592368
724465.4226,724465.4226,125.33972059969642
724865.3331,724881.5027,46.891472254655284
727244.3296,727244.3296,24.179391423125047
727731.0796,727810.1219,115.90024445015906
727988.1776,727988.1776,25.434871882136644
728028.4884,728028.4884,71.09811987046699
728087.4516,728087.4516,29.805304093741825
728205.7972,728205.7972,28.58581511310029
728572.7272,728596.7052,69.90875584363494
730161.3013,730194.752,67.88892068992493
730284.4934,730284.4934,59.68985500995357
730965.6976,731026.863,74.42981843850298
733308.9784,733308.9784,23.500210482538897
734094.7369,734094.7369,65.14497753594522
734252.2902,734266.8228,150.06372655599822
735763.2628,735763.2628,22.741342022316513
738008.0434,738019.7495,35.06130833066313
738364.9719,738392.084,22.214241654567733
741607.801,741607.801,23.918261038134016
741679.9936,741715.0408,97.43639654215404
741800.0479,741800.0479,52.77982179080434
741898.5482,741898.5482,49.93590134382014
743665.9971,743665.9971,25.006408710951774
743777.8832,743793.3163,118.92445878488411
744534.8764,744534.8764,42.43537522989465
745132.7908,745132.7908,19.508035593975908
745661.2929,745661.2929,32.699137769019956
745791.3276,745807.7542,85.67939073617585
746240.2717,746259.1472,60.39739891891285
746900.2058,746918.5475,126.28859563672603
747377.594,747377.594,23.686411930072616
747930.9974,747997.8218,57.20174719814497
748364.2576,748364.2576,66.51206269471723
748497.8106,748700.1471,104.89106526793499
749053.6537,749114.2277,147.84588075923162
749510.4835,749529.1375,267.7825117951268
750817.9795,750834.1115,36.34600160633999
752426.129,752461.8413,174.58329546373895
752484.9597,752517.1593,78.50673218821346
752985.9431,752985.9431,31.897290859353355
753264.3978,753286.9167,72.43900867730441
753312.1374,753312.1374,60.64678989856413
753350.0027,753350.0027,62.15206053630102
753439.2232,753484.2825,78.4910240484797
753610.4274,753610.4274,85.1833590875873
753648.2546,753676.2755,73.3322239363252
753749.4793,753813.4296,77.04430355080228
753854.859,753873.783,191.64290173418627
754077.9299,754077.9299,42.45410319070022
754194.844,754205.8645,305.3082739569854
754275.9182,754275.9182,21.168087155991525
754370.3574,754395.4714,55.66330373110799
754555.7262,754555.7262,18.57719655747835
754764.5215,754870.7495,79.7474471283682
754912.9318,754927.6317,131.50570195238248
755071.7771,755149.2754,76.08432941889018
755618.7201,755618.7201,82.01532110656483
755825.6864,755898.6733,295.4530801999157
755928.6621,755950.9673,69.51128685757016
756029.8534,756029.8534,41.76178480289326
756332.8514,756332.8514,30.830709266156756
756381.8751,756381.8751,23.921274952145836
756513.3053,756513.3053,31.81258666586727
756614.3258,756632.5845,55.53873577846514
756848.1793,756863.5153,46.17770543187714
756916.0052,756947.06,36.91915437707951
757007.3488,757007.3488,26.86093761767093
757663.5756,757687.1936,42.0637399415706
758000.8231,758000.8231,21.318132239141974
758247.7549,758274.9282,87.11731017066903
758302.6338,758462.0694,88.04864241332092
758512.3569,758612.5538,68.83794774533065
758677.8273,758677.8273,65.00017954208496
758760.9141,758760.9141,63.98776300951783
758929.0882,758929.0882,25.201641777848828
760312.9773,760312.9773,23.294482063642054
761285.5557,761285.5557,18.973354726536574
763213.5222,763213.5222,42.48371294139797
763783.971,763783.971,79.05935544353115
764328.3979,764328.3979,24.17010077688411
764606.2535,764606.2535,37.33535994145831
764658.7977,764658.7977,18.627567945598816
764912.8,764936.6867,88.59969693769783
765298.9935,765298.9935,36.252452283216414
766721.0006,766721.0006,32.85049544740349
767503.0118,767503.0118,30.093562243879703
767799.0632,767799.0632,29.501783510337752
768453.8826,768453.8826,27.746671206485182
768969.4338,768969.4338,58.7475559373274
769304.478,769327.7815,95.71006125633357
769398.9829,769398.9829,39.36725315763732
769959.7908,769977.5259,309.8294387540354
770389.4061,770389.4061,45.99462712378341
770453.1814,770478.5262,29.34889756374265
770881.2173,770893.049,58.801654967649846
771111.9843,771111.9843,21.10095638519347
771568.4595,771596.0535,44.91718790114174
771697.6211,771697.6211,22.801965087632645
771744.0672,771744.0672,32.57993948648943
772822.4188,772822.4188,66.4605078529599
772928.7094,772954.2865,216.72953963038813
773321.9395,773346.8699,107.68703899628125
773554.2759,773554.2759,26.184619474217932
773954.3521,773954.3521,23.012395092954197
774228.4951,774228.4951,60.191101366564666
774364.0741,774364.0741,40.46148408567835
775306.3349,775306.3349,26.893170484612256
775451.3394,775451.3394,39.37729892597455
775718.1558,775743.9774,39.50219912841413
778837.313,778837.313,27.639636675320155
778871.889,778871.889,22.622611839605526
779223.3148,779239.1274,73.2558685419259
780771.4077,780771.4077,19.08554284305528
781385.8833,781385.8833,30.141616759509663
781464.1198,781480.6604,77.76472545153531
781728.3418,781728.3418,34.68081578523403
781929.9922,781942.9731,65.80635873847423
782501.9574,782516.8229,48.7187135606447
782552.3404,782552.3404,50.908025520742136
782622.6906,782622.6906,75.36638909240789
782838.1551,782838.1551,34.31080508059206
783442.8307,783442.8307,22.57439394778952
783730.8957,783742.6725,43.432645260577175
784340.6743,784368.2794,117.97508376544641
784550.0159,784561.3009,52.57429845308027
785228.7986,785238.9358,48.237665293400326
786471.4051,786471.4051,27.11628444638484
787313.4017,787313.4017,19.445916029461078
789245.5713,789256.1739,65.5909508499267
789419.3923,789501.8364,610.6193502777518
789566.1735,789597.0524,71.84753089706376
789689.2119,789689.2119,38.89649440445752
789826.5038,789826.5038,18.893465026018305
790252.0247,790252.0247,30.14167631749208
790639.0004,790639.0004,29.840292886084676
790690.548,790704.2119,46.78106097565491
790798.021,790798.021,50.55163358912302
791335.0585,791335.0585,20.174432623583847
792238.8463,792238.8463,36.28908225507852
792545.6098,792545.6098,23.462247161349048
792908.4503,792932.0416,72.17323738931152
793559.5758,793559.5758,53.51144161463267
793665.3208,793665.3208,22.942277737889764
794565.2035,794565.2035,92.87652864192455
794716.236,794731.3378,155.20132098372363
795516.144,795516.144,19.725528125811792
795646.6135,795663.2626,49.952458114560635
797036.6765,797036.6765,42.152271893606425
797076.4157,797076.4157,31.246463681523206
797359.6487,797415.3934,102.45088053434348
797448.6692,797448.6692,20.18220724675848
797848.4776,797889.287,63.021375332728645
799295.0591,799307.8685,136.79078792163756
799450.0682,799463.9787,148.45449735055297
799572.6407,799597.2252,21.574378010942436
799807.2859,799807.2859,28.394656467617985
800244.3943,800244.3943,36.24705221324387
800450.4936,800450.4936,19.94128593142669
801911.8936,801911.8936,26.794307077771844
802032.7235,802062.4301,82.74915590989212
802286.6594,802518.7411,493.06114096425136
802851.1751,802851.1751,26.184821917464117
802916.593,802932.6393,83.10556060840966
803609.9408,803625.8391,57.53281109421718
803962.0907,803962.0907,21.488209863510317
805235.4071,805260.8712,138.6690462352711
805412.9862,805426.4598,40.74532700963119
805605.381,805605.381,37.1135920049294
805692.6522,805692.6522,44.67027244755816
806633.8062,806683.0639,223.97153326058725
806762.4408,806762.4408,58.52582676592859
808315.5571,808315.5571,22.22318552133127
808834.2561,808834.2561,46.8720650979009
808922.574,808940.3224,283.8586555601351
809236.3553,809236.3553,112.00143862623064
811205.8863,811240.3421,41.67616625088552
811309.4116,811309.4116,33.705461062474235
811346.2346,811346.2346,25.420986613304592
811508.6519,811518.7236,42.33586789804295
811625.8872,811641.9863,53.92558451705056
812432.8743,812432.8743,42.1096037176194
813232.7225,813261.204,223.56789811947277
814298.6891,814315.5506,154.29240241188597
815033.686,815033.686,81.5163799547083
815099.0549,815117.8329,627.942547844379
815275.6719,815327.3374,362.7521340249586
815599.4804,815599.4804,24.822229566415835
815710.5655,815710.5655,125.91809194919904
816108.9852,816232.6905,88.14177622090128
816341.4852,816341.4852,71.33529728368822
816557.8704,816577.9631,64.72518988763642
818174.4955,818190.3607,85.62715007497738
819120.1351,819136.4997,49.004567390040556
821196.9013,821210.9591,115.52074305882545
821556.2429,821580.5156,87.15165067863471
821602.7061,821602.7061,33.37033772665275
821685.1572,821707.8112,81.06972469093932
822109.7431,822109.7431,32.94505329591704
823009.9226,823009.9226,52.52894056541966
823251.8734,823251.8734,26.25992109180502
826860.3717,826941.0144,107.90765601261303
830180.2108,830208.251,33.221903935397286
830494.3964,830494.3964,25.200048262075853
830818.8841,830818.8841,75.64091926766747
830983.3232,830983.3232,28.297208744770238
831513.9202,831513.9202,21.854126254239542
831725.9784,831746.8511,20.896059567938543
833458.2971,833490.2546,497.47440087598983
833543.5602,833618.7722,55.189403628632284
833982.8119,833982.8119,51.69432312789754
834346.4971,834346.4971,26.35361355458444
834909.8289,834909.8289,72.2147449550171
835479.3316,835496.0211,34.03758360270051
836318.2908,836318.2908,45.89077829662579
837173.1265,837173.1265,42.559818034622296
837897.016,837897.016,59.58659911667983
838720.3292,838720.3292,61.959023808668185
840390.7261,840390.7261,40.123354970370826
840632.8304,840632.8304,36.79820418599451
840938.3765,840959.0398,47.648016705416794
842235.7999,842235.7999,47.71700182825215
842614.7015,842667.1709,57.1856553181686
844608.826,844632.9834,52.436631612881975
844678.0018,844678.0018,23.650554510890778
845499.6126,845499.6126,18.92629539677235
846133.1808,846133.1808,20.96416790391688
847568.3671,847568.3671,21.365692175928555
847832.6307,847832.6307,39.11087045118151
848607.8422,848624.1825,41.78272577958858
848673.1847,848691.2702,67.46971529202223
849420.0734,849420.0734,28.29214271262103
849640.5075,849640.5075,26.134788878822768
850377.6858,850377.6858,25.627663846596775
850632.4307,850632.4307,57.52557304713344
850933.5605,851125.5486,457.05624875340544
851189.5276,851207.8445,24.517047285539824
851260.2367,851275.2452,63.57198118709345
852653.0527,852653.0527,24.780860290566498
852873.5339,852873.5339,19.79919264093757
853332.2891,853343.8871,27.346880326329103
853954.3526,853954.3526,23.71849017882023
854230.9542,854230.9542,35.37644663712161
854864.9542,854864.9542,49.72820941345059
855308.3632,855308.3632,76.53915370516452
855420.9874,855434.9504,145.74807240301365
855780.5562,855808.7663,43.21640417089736
856441.1428,856489.4081,88.58365719075331
857282.7788,857324.3624,220.80265050178613
858613.6643,858613.6643,21.558211780087703
859463.5478,859463.5478,20.660561441266815
860626.9637,860626.9637,31.154670437602118
862867.0641,862867.0641,23.08775732470394
863012.3938,863036.6184,99.25863602557068
863801.9349,863801.9349,33.21294151841998
864060.0528,864081.8902,27.928362197631486
864416.3548,864416.3548,57.384635919304024
865823.1889,865823.1889,24.929718026939653
865912.7115,865954.027,77.4221076725432
866533.7283,866533.7283,42.5929866987676
867045.7177,867045.7177,74.37136751761393
867193.5293,867193.5293,29.836661565760114
867562.8017,867587.3754,55.52332153561945
868202.4647,868202.4647,33.68355028666929
868494.719,868510.6931,52.934357799774226
872262.0189,872270.6211,518.9337521117922
872828.8399,872828.8399,40.67735890015978
873018.2292,873018.2292,24.058510449416474
873666.6583,873666.6583,28.051038642775755
874460.0179,874460.0179,53.421347266621304
874652.7494,874666.8131,300.9335275952383
875211.5842,875211.5842,19.87592502886363
875429.1168,875429.1168,18.90664010765781
875910.7211,875910.7211,31.30994887992311
876344.012,876344.012,35.01229257717733
876442.4319,876442.4319,33.63304199789049
876684.9574,876684.9574,77.43731792869323
876785.1485,876916.7584,112.14125025995914
877018.8251,877056.7082,299.5862391207131
877128.8889,877128.8889,52.11843147341686
877315.8656,877315.8656,24.530730491209486
877452.6522,877452.6522,31.09541515217442
877517.7538,877517.7538,42.165163968832985
877906.4205,877920.197,66.5267298769782
878457.578,878469.6351,54.22801017143659
878598.0667,878617.1188,76.81367627443365
878669.1798,878688.3419,119.57811026109734
879197.036,879197.036,31.9859839784222
879267.2227,879267.2227,27.331985005574236
879326.9258,879326.9258,71.74427346747974
879783.0117,879783.0117,45.478219383060505
879819.5797,879842.9122,292.19732114542694
879897.9629,879945.2024,290.65093488121687
880091.3418,880091.3418,36.073784964744014
880254.8077,880254.8077,83.34678861938475
880538.6366,880538.6366,37.43226410399156
881541.0925,881557.9124,45.79080866084898
882657.7508,882673.3554,47.97211855573792
883279.8548,883279.8548,26.317903515604325
883552.072,883603.2141,153.11818482119813
884075.2331,884098.1529,75.396608976459
884322.9987,884322.9987,66.19298370679364
885837.6742,885837.6742,20.677885260357062
886041.9086,886041.9086,53.35651537126932
886308.3761,886308.3761,37.24257184371329
887806.6219,887806.6219,29.716137367133467
889298.6217,889298.6217,62.7885372574263
890954.2437,890965.1433,140.9339224029473
891102.8239,891119.0388,170.94784324452687
892724.9798,892724.9798,18.893374760607937
893843.5655,893843.5655,21.867864255888726
894149.5402,894149.5402,20.03019533268051
894280.3668,894280.3668,21.896383854378218
894733.9002,894733.9002,18.689854077354138
895112.3922,895112.3922,26.52651066780083
895629.88,895645.9857,212.13819970376866
896199.2078,896199.2078,60.7729039610214
896421.9474,896421.9474,42.35754751822262
896620.9601,896620.9601,23.43140441614011
896993.201,896993.201,19.667579362989887
897054.0296,897054.0296,20.931718323296256
897319.953,897332.595,127.61997444906355
897823.5141,897834.7172,49.30003138150183
900494.0631,900546.2298,533.618933577643
900593.5252,900593.5252,61.58549879485704
900665.136,900675.1466,61.68526881733586
900709.0732,900709.0732,41.810401903749174
900894.8883,900933.0856,35.40141189714258
901286.906,901310.6568,40.15194228527885
901705.6761,901725.4456,57.71476710210846
901921.2778,901921.2778,26.473692644264112
901989.1447,902013.4061,42.485163146124414
902747.0232,902773.2996,23.546300871603286
903519.3299,903538.4384,204.88438658869833
904771.6459,904800.0861,50.453375394184675
907578.0917,907589.7598,44.54893452413081
908642.9563,908658.5897,228.88622031128116
908757.5559,908769.2767,188.6194193705175
908878.9422,908878.9422,22.970551227112256
909541.9801,909561.5114,131.22244992359
909847.0438,909858.0208,88.78629769675618
910538.9328,910553.2162,28.554436860657116
911146.94,911146.94,51.66934528491739
911264.5402,911295.5451,78.30597711153231
911344.8245,911355.8657,31.4174653568917
911426.6471,911426.6471,31.93868031483314
911671.5152,911671.5152,22.375981018950466
911988.4374,912001.0855,73.73407081090201
912226.5107,912226.5107,21.13434198085592
914381.4597,914381.4597,18.67480660225382
915884.4618,915943.1587,134.25144608890906
916082.5395,916102.636,66.56923514540112
916935.2087,916935.2087,36.032528535684996
918465.7399,918465.7399,19.902837747806387
919066.1793,919086.3217,24.00523619128225
919555.108,919571.0743,167.38832286615022
919755.8545,919755.8545,20.235936125913707
919976.1152,919976.1152,82.69442593119467
920166.8548,920185.7152,105.43558033920561
920567.1228,920567.1228,34.91955662025377
921410.9567,921410.9567,18.721410615387697
921455.6268,921455.6268,22.778831478642324
921563.4645,921585.0258,335.2361663517042
921731.3213,921743.3057,25.877008273606084
921933.2432,921933.2432,26.29288484253291
923414.4224,923430.2918,53.384096908465374
923913.3528,923934.615,88.40052346080515
924099.0686,924099.0686,61.17950148255123
924455.2022,924471.8214,122.02582880626066
924571.7942,924571.7942,20.5616030612257
924843.2343,924843.2343,28.792193278451318
925196.0209,925196.0209,28.060360816974242
927215.2932,927215.2932,31.035823548281073
927470.0605,927482.6758,51.34217865675632
927726.4856,927726.4856,43.75212387083996
928024.4568,928024.4568,22.261526923183073
928421.4458,928421.4458,30.266474811202162
928820.3489,928820.3489,56.97206819174056
929848.0493,929848.0493,37.77692971716264
930203.1388,930203.1388,23.005484688902904
930631.2228,930631.2228,19.295525795929567
931406.8986,931423.835,33.217474531192906
931946.0998,931961.6803,41.75302004665774
933001.0081,933012.0211,123.01957382374458
933153.2756,933392.7642,104.2391729033122
933556.548,933556.548,20.659501875812495
934383.7103,934383.7103,20.148652720532077
934852.299,934852.299,29.475048257359166
935035.9223,935035.9223,61.23241717650305
935187.6174,935527.5922,109.04962939275275
936016.2031,936036.9672,51.21419990042765
936345.1406,936345.1406,46.87987765199719
936694.3236,936694.3236,26.643704543612266
937265.2553,937285.9883,45.7987396953539
937502.1784,937517.1781,31.225504080320256
937839.7454,937839.7454,29.627547821464294
938668.0287,938693.9421,60.4466155235229
939004.7672,939019.5205,38.322148860039285
940011.7546,940011.7546,25.606487141408614
940337.5357,940354.0197,45.12267114725511
940868.4663,940868.4663,36.257977206062186
940977.4506,941021.4236,89.99765848287689
941043.8529,941144.2871,202.98403998527456
941279.3182,941279.3182,49.375847365091964
941547.6584,941547.6584,35.6699734422839
941704.8757,941704.8757,30.43750132056703
941827.9758,941843.4001,79.10371438801911
942236.3435,942308.2722,67.19624608575084
942769.9515,942800.669,49.330650000385134
942877.2319,942889.6205,98.43251226247716
942988.1648,942988.1648,23.96207792511155
943126.4135,943126.4135,51.94776624684647
943951.3863,943951.3863,26.792213757033007
944243.9208,944257.6439,40.039904436776986
944533.098,944533.098,20.502793425173685
944876.9998,944876.9998,24.48305317218778
945390.2834,945400.5313,54.16790553723889
945650.4501,945680.293,113.67274035920154
945803.9265,945803.9265,29.80949363824738
945878.0071,945914.6981,59.7275751625516
946551.1166,946551.1166,27.647746994903343
946910.0105,946942.4581,66.23452785103181
947025.1513,947108.3377,60.54449466229774
948562.1887,948577.2084,58.74703506769583
949967.3247,950017.2515,178.77705214793235
950293.6858,950293.6858,39.32844759783662
950387.4621,950387.4621,44.21822506174423
950776.6144,950776.6144,25.231529557394524
951594.3118,951615.8692,78.5208911075717
954757.8919,954757.8919,21.437646943903033
956661.7199,956713.0833,25.475037357928365
957005.598,957022.4675,64.19090509412959
957482.4095,957500.7506,492.93701831284216
958181.488,958181.488,70.84999695511169
958500.927,958500.927,65.54068292256056
958759.9309,958759.9309,75.94386851831464
959964.5389,959964.5389,48.04110111770209
960171.5319,960171.5319,20.82542660571539
960413.8647,960434.7467,68.69189637592805
960604.8757,960604.8757,18.766486715173748
961947.9993,961947.9993,34.61588276033638
962278.6939,962292.1938,35.41615304621236
962748.0483,962796.9406,29.19777922692088
962879.1069,962879.1069,40.25888341939668
963183.7008,963183.7008,26.012640305992754
964378.7661,964378.7661,18.785912776912447
965030.4313,965045.9139,59.018902716571766
965430.2427,965430.2427,23.3870959039566
965456.0829,965473.1078,59.90527559940407
965967.5968,965967.5968,27.566133245578715
966244.1712,966264.2861,26.282601001496882
967138.7315,967138.7315,70.72792464176042
969280.1752,969280.1752,25.18978295795329
969537.6667,969552.0342,111.99347799512589
969578.8724,969578.8724,60.415203371602004
969628.3027,969652.447,51.047026557515004
969828.1998,969858.3314,175.8860165337058
969898.6393,969929.1933,29.77856714196704
970111.3669,970165.8445,22.839475083746972
971048.9989,971064.3226,24.92522241590311
971674.6857,971674.6857,25.44060895075333
972379.5041,972379.5041,19.38222093897181
972713.1462,972713.1462,26.574245647575182
972763.9753,972844.1037,260.61375618625044
972896.1371,972896.1371,73.55157650963255
972953.902,972953.902,84.39806104295764
972978.3171,972978.3171,75.08255083930197
973015.341,973015.341,20.859493061367818
973039.6034,973052.2993,49.08580542349264
973088.6686,973107.319,46.436452530679134
973159.2894,973170.5485,78.01536736464759
973341.6946,973354.2587,75.38810019417525
973830.1009,973852.3596,135.61887205332042
973961.2982,973992.8265,26.97250462219354
974384.4352,974384.4352,22.747622854470155
974414.1494,974430.7992,44.326996870587855
975000.5998,975030.2811,47.77003749801898
975401.4818,975415.6567,88.64079640051862
975687.7039,975687.7039,24.064352416590925
975907.1338,975907.1338,18.898056243961843
977386.2292,977406.8961,357.4330939580223
977775.807,977794.6126,122.21991065052705
977854.7349,977854.7349,20.844658098866166
979126.9458,979126.9458,30.488821753337223
980217.9508,980217.9508,33.02923678333865
981862.1004,981862.1004,28.208173895458906
982009.6594,982021.0342,46.960862392511714
985319.8063,985584.8135,145.17397168994125
985638.4532,985647.6402,56.69358787059492
985701.3825,985723.213,62.82464101027308
985817.4078,985826.9487,190.65030313813543
985958.4719,985958.4719,20.39888618029074
986090.5022,986113.4252,57.55593950598191
987934.0594,987934.0594,25.533068966778263
988207.211,988207.211,32.35090100774024
988239.4392,988239.4392,23.610284485028362
989534.7631,989550.9545,256.9482578804284
989588.3703,989588.3703,26.725760474815925
989636.3911,989636.3911,30.09145848682233
989870.3845,989870.3845,36.2962617052197
990097.4168,990112.7887,41.17599790443376
990276.4604,990276.4604,27.17647871502026
990594.717,990612.6717,71.3195467876912
991007.1527,991007.1527,44.11611884353935
991557.2395,991593.4487,38.53805361507721
992005.6055,992019.0052,34.31957093665164
992675.8351,992709.1033,28.323037241426757
995666.9235,995682.9046,28.743835932117783
995897.957,995897.957,28.360715531703498
996980.7913,996994.4067,80.85256307290325
997922.9196,997922.9196,53.94129660397354
998165.7108,998165.7108,69.24667843342864
998478.2385,998500.0781,23.395402052635895
999840.5353,999861.1749,47.11625347339426
1000229.2047,1000229.2047,20.73035918181363
1000917.6244,1000917.6244,73.22510507914359
1001334.0241,1001334.0241,24.443188153930834
1001729.187,1001746.6963,48.21727513740965
1002185.702,1002205.5863,282.68970603737137
1004557.059,1004557.059,21.099083621619812
1004971.3351,1005007.2006,82.74300165364637
1005862.2386,1005874.1359,45.93111429113694
1005915.7391,1005915.7391,47.474345920573235
1006279.3467,1006279.3467,34.47438401254157
1008355.3811,1008378.7931,304.582310418967
1008546.4207,1008546.4207,32.53479875908972
1008833.9542,1008833.9542,67.71362821996247
1009000.8051,1009028.2375,77.92203549931313
1009948.6875,1010034.8828,72.76382168893524
1012154.4542,1012154.4542,52.21683677238387
1012493.3504,1012510.0803,70.35543033189091
1014177.2658,1014177.2658,53.36678604921651
1014292.0415,1014335.7053,95.7781872047847
1014594.8442,1014594.8442,23.829868622905284
1015054.1651,1015054.1651,21.55488707920238
1016808.0237,1016824.6151,103.71640782096887
1017233.695,1017262.5446,95.2962431595798
1017850.6381,1017850.6381,26.28159374888681
1018434.95,1018448.6677,66.905028093874
1018641.9047,1018751.9985,322.2219867251958
1018799.0452,1018799.0452,19.706549775438553
1020801.1759,1020810.211,226.9423797449365
1020844.0018,1020844.0018,86.38483964832704
1021434.7197,1021456.1083,119.79645413450525
1023128.6854,1023128.6854,22.79914092842663
1023693.4998,1023693.4998,21.476337933758522
1023875.8559,1023875.8559,27.347851628681894
1023935.7539,1023951.128,35.8856749645896
1024140.9152,1024140.9152,37.871132952537366
1025563.8713,1025575.124,71.89582089250851
1025704.9712,1025717.1437,170.05469457334837
1027231.9304,1027231.9304,36.531486058171716
1028230.5112,1028230.5112,89.62210404764716
1028392.3069,1028406.5614,243.4512479596361
1028676.2882,1028676.2882,20.90450995018187
1028992.091,1029015.8206,29.353895896003994
1029429.3965,1029448.0968,87.35175510194006
1029524.628,1029524.628,31.94572794490797
1029758.9954,1029758.9954,25.730764779880563
1030092.939,1030092.939,44.06193242461904
1030405.7938,1030405.7938,72.1089777090766
1030557.1191,1030557.1191,25.278513113012558
1030816.6559,1030816.6559,66.50299431493292
1031096.0414,1031096.0414,56.29270557091663
1031332.2495,1031380.5807,74.86093001865673
1032362.6085,1032362.6085,19.524063992190978
1032839.132,1032850.4616,22.119229148902996
1033181.0789,1033213.0596,19.74925818300907
1033289.53,1033289.53,21.829541289995202
1034794.5053,1034794.5053,56.366146478775065
1035102.5187,1035102.5187,29.12022530685937
1035860.4125,1035860.4125,22.229673977424277
1035903.0661,1035903.0661,61.7520494338055
1036316.7876,1036316.7876,19.139586543747242
1036934.787,1036965.0699,48.7732556965738
1037333.1468,1037333.1468,22.22649460279405
1037870.7257,1037870.7257,25.16431825945602
1040705.8004,1040705.8004,23.435643265130736
1040809.9273,1040809.9273,22.836324784024054
1040960.942,1040960.942,38.62444267791814
1041302.5128,1041302.5128,26.612066924464717
1041446.0347,1041446.0347,21.430286942849314
1041543.3197,1041560.8959,71.48079979567895
1041802.1002,1041827.3241,63.63422001939274
1041941.6525,1041941.6525,43.23349630536729
1042310.2969,1042324.636,61.063987080680555
1043497.5875,1043497.5875,33.320139668865444
1043838.3424,1043851.5169,26.458536597506225
1044801.5733,1044801.5733,46.17425281453362
1045210.7906,1045210.7906,21.238361300761674
1045503.2111,1045503.2111,20.551385866477375
1045904.1968,1045916.4537,55.21904655993379
1046772.4481,1046772.4481,45.19909794281103
1047127.9853,1047127.9853,43.75398869200317
1047428.4868,1047428.4868,47.34037785367381
1048365.2131,1048365.2131,30.08275879265144
1048479.1257,1048495.4919,58.60925803485288
1049266.1131,1049278.3184,98.99921977963984
1049629.9555,1049629.9555,70.8121663571834
1049753.6502,1049753.6502,25.199764465391976
1050272.4897,1050272.4897,27.25359736478033
1050374.1259,1050374.1259,31.740054015223635
1051001.5924,1051001.5924,36.52914155877719
1051217.3415,1051239.3502,147.06944566191217
1051806.1764,1051806.1764,21.41644577292061
1052148.4297,1052148.4297,21.858540404154816
1052445.6209,1052445.6209,86.80396238962655
1052673.939,1052707.825,82.35691808128038
1052808.4185,1052808.4185,19.332999652705492
1053031.48,1053031.48,30.012598913037568
1053370.7702,1053383.4558,96.23373020987627
1053867.551,1053867.551,19.19880555869487
1054527.2829,1054527.2829,32.769035517679626
1055151.2167,1055151.2167,49.616031359311265
1057260.0708,1057271.1535,24.205139079441086
1058990.4805,1058990.4805,24.408628655574223
1059370.7696,1059370.7696,46.38477935411569
1059790.4752,1059790.4752,38.98163525015898
1060136.3738,1060149.3819,64.3947661514582
1060203.4393,1060203.4393,26.63424763462384
1060484.0039,1060484.0039,19.404781458172135
1060760.3068,1060784.7858,56.75641280775078
1060952.4855,1060952.4855,26.250199239726506
1061277.92,1061291.8396,224.89870218527747
1061615.8014,1061615.8014,52.161371926508835
1062023.1134,1062023.1134,23.719594374501558
1062284.117,1062340.2266,47.61089040168852
1062416.9739,1062416.9739,24.16350320874383
1062887.7606,1062887.7606,19.623462844193778
1063177.9749,1063177.9749,19.626967906896493
1063305.7266,1063305.7266,19.060275413791274
1064047.2716,1064069.1795,59.155224198993686
1065890.8435,1065890.8435,18.479595805270595
1065935.9407,1065949.2053,131.32774727798818
1066322.9047,1066338.9982,57.417202380507575
1066579.3725,1066590.7849,70.33368777246493
1066654.0512,1066654.0512,34.3251181576609
1067031.4122,1067031.4122,33.895865404147195
1067114.8274,1067114.8274,38.71581914380462
1069022.7416,1069022.7416,23.077602038283956
1070013.701,1070013.701,121.22304580025201
1071757.4371,1071757.4371,84.05037440176419
1072244.9678,1072244.9678,45.475708824424856
1073274.2208,1073274.2208,19.781636568473285
1073740.3249,1073740.3249,20.392308865486772
1073887.8981,1073946.2924,129.03061551145095
1075179.6922,1075179.6922,50.54256363220633
1076007.5207,1076007.5207,33.70708441214079
1076401.3018,1076401.3018,65.33951051774004
